{"cameraMode":{"drawMode":0,"name":"Shaded","section":"Shading Mode"},"sceneLighting":true,"audioPlay":false,"sceneViewState":{"showFog":false,"showMaterialUpdate":false,"showSkybox":false,"showFlares":false,"showImageEffects":false,"showParticleSystems":false},"in2DMode":false,"pivot":{"x":-14.536532402038575,"y":-2.745234727859497,"z":1.0979949235916138},"rotation":{"x":0.055646080523729327,"y":-0.6838204860687256,"z":0.05239032208919525,"w":0.7256847023963928},"size":8.66025447845459,"orthographic":false}